Time(s),Thrust(N),Propellant Mass(G1;g),Propellant Mass(G2;g),Propellant Mass(G3;g),Propellant Mass(G4;g)
0,0,48.24677,149.52512,24.5536,10.3878
0.01,127.92208,48.24677,149.52512,24.5536,10.3878
0.02,127.66335,48.12227,149.30965,24.41261,10.20153
0.03,127.45381,47.99837,149.09387,24.27226,10.01985
0.04,127.26593,47.87455,148.87688,24.13194,9.84058
0.05,127.10218,47.75078,148.65867,23.99167,9.66305
0.06,126.93306,47.62708,148.43922,23.85141,9.48713
0.07,126.75033,47.50342,148.21854,23.71119,9.31307
0.08,126.57953,47.37981,147.99662,23.57099,9.14213
0.09,126.40159,47.25626,147.77348,23.43082,8.97381
0.1,126.25373,47.13275,147.54912,23.2907,8.80665
0.11,126.08155,47.0093,147.32356,23.15062,8.64296
0.12,125.91377,46.8859,147.09677,23.01057,8.48063
0.13,125.74864,46.76254,146.86877,22.87057,8.31968
0.14,125.5807,46.63924,146.63958,22.73062,8.16058
0.15,125.43085,46.51598,146.40919,22.59073,8.00364
0.16,125.26725,46.39277,146.17761,22.45089,7.84835
0.17,125.0674,46.26961,145.94483,22.31111,7.69405
0.18,124.91996,46.1465,145.71087,22.1714,7.5426
0.19,124.79061,46.02345,145.47576,22.03176,7.39364
0.2,124.61036,45.90044,145.23946,21.89219,7.24569
0.21,124.44109,45.77747,145.00198,21.75268,7.09809
0.22,124.30615,45.65455,144.76334,21.61325,6.95175
0.23,124.14662,45.53169,144.52356,21.47391,6.80633
0.24,123.96662,45.40886,144.2826,21.33465,6.6627
0.25,123.82825,45.28608,144.0405,21.19547,6.51988
0.26,123.66525,45.16336,143.79726,21.05639,6.38078
0.27,123.5096,45.04068,143.55287,20.91739,6.24493
0.28,123.36186,44.91805,143.30735,20.7785,6.11153
0.29,123.22384,44.79546,143.06071,20.63971,5.98062
0.3,123.07017,44.67292,142.81293,20.50101,5.85118
0.31,122.93473,44.55042,142.56402,20.36242,5.72215
0.32,122.77374,44.42797,142.31399,20.22394,5.59571
0.33,122.6207,44.30556,142.06283,20.08557,5.47068
0.34,122.47111,44.18319,141.81058,19.94732,5.34766
0.35,122.33009,44.06087,141.55722,19.80918,5.2255
0.36,122.18192,43.9386,141.30277,19.67117,5.1056
0.37,122.05262,43.81637,141.04721,19.53329,4.98692
0.38,121.90176,43.69419,140.79056,19.39553,4.87012
0.39,121.75384,43.57204,140.53281,19.2579,4.75486
0.4,121.60729,43.44994,140.27399,19.1204,4.64091
0.41,121.43442,43.32789,140.01408,18.98305,4.52845
0.42,121.23571,43.20588,139.75311,18.84584,4.41853
0.43,121.03204,43.08392,139.49108,18.70878,4.31046
0.44,120.82071,42.96203,139.22803,18.57189,4.20414
0.45,120.61308,42.84019,138.96395,18.43517,4.09941
0.46,120.41471,42.71842,138.69887,18.29863,3.99528
0.47,120.21713,42.59671,138.43278,18.16227,3.89287
0.48,120.03473,42.47507,138.16568,18.02609,3.79377
0.49,119.86071,42.35348,137.89758,17.8901,3.69711
0.5,119.66617,42.23195,137.62847,17.75428,3.60171
0.51,119.45003,42.11048,137.35835,17.61865,3.50697
0.52,119.27278,41.98906,137.08725,17.48322,3.41304
0.53,119.10162,41.86771,136.81517,17.34798,3.32224
0.54,118.91949,41.74641,136.54211,17.21294,3.23345
0.55,118.73665,41.62517,136.26806,17.07809,3.14596
0.56,118.54259,41.50398,135.99303,16.94345,3.05941
0.57,118.36663,41.38285,135.71702,16.80901,2.97305
0.58,118.2064,41.26178,135.44006,16.67478,2.88931
0.59,118.02228,41.14077,135.16214,16.54076,2.80738
0.6,117.83226,41.0198,134.88324,16.40695,2.72611
0.61,117.68075,40.89889,134.60339,16.27336,2.64713
0.62,117.52422,40.77804,134.3226,16.13999,2.57071
0.63,117.36338,40.65724,134.04084,16.00683,2.49747
0.64,117.19483,40.53648,133.75813,15.8739,2.42521
0.65,117.02607,40.41578,133.47448,15.74118,2.35315
0.66,116.89541,40.29512,133.18988,15.6087,2.28083
0.67,116.71356,40.17452,132.90435,15.47645,2.20984
0.68,116.54161,40.05396,132.61787,15.34442,2.14008
0.69,116.38587,39.93346,132.33048,15.21264,2.0725
0.7,116.23065,39.81301,132.04217,15.0811,2.00663
0.71,116.09162,39.69261,131.75294,14.9498,1.94231
0.72,115.93145,39.57226,131.46279,14.81875,1.8793
0.73,115.78931,39.45195,131.17171,14.68793,1.81764
0.74,115.66278,39.33169,130.87973,14.55737,1.75742
0.75,115.50918,39.21148,130.58683,14.42706,1.69834
0.76,115.38206,39.09131,130.29301,14.29699,1.64059
0.77,115.24531,38.97118,129.9983,14.16719,1.58413
0.78,115.09303,38.8511,129.70267,14.03763,1.52867
0.79,114.96407,38.73105,129.40615,13.90834,1.47433
0.8,114.83387,38.61106,129.10874,13.77932,1.42123
0.81,114.71267,38.4911,128.81043,13.65056,1.36934
0.82,114.56659,38.37119,128.51123,13.52206,1.31868
0.83,114.42079,38.25131,128.21114,13.39383,1.26927
0.84,114.30681,38.13149,127.91017,13.26588,1.22113
0.85,114.18301,38.0117,127.60834,13.13822,1.17428
0.86,114.06199,37.89196,127.30562,13.01082,1.12869
0.87,113.95348,37.77225,127.00203,12.88371,1.08457
0.88,113.83152,37.65258,126.69756,12.75688,1.0412
0.89,113.71995,37.53294,126.39221,12.63033,0.99952
0.9,113.59846,37.41335,126.086,12.50407,0.95874
0.91,113.4957,37.29379,125.77892,12.3781,0.91856
0.92,113.38467,37.17426,125.47099,12.25242,0.87922
0.93,113.287,37.05477,125.16219,12.12704,0.84065
0.94,113.18357,36.93532,124.85253,12.00195,0.80359
0.95,113.08068,36.8159,124.54202,11.87716,0.76767
0.96,112.96409,36.6965,124.23064,11.75267,0.73268
0.97,112.84965,36.57715,123.91842,11.62848,0.69866
0.98,112.75491,36.45783,123.60536,11.50461,0.66553
0.99,112.65215,36.33854,123.29147,11.38105,0.63336
1.0,112.56214,36.21929,122.97673,11.2578,0.60209
1.01,112.48193,36.10006,122.66116,11.13487,0.57159
1.02,112.38967,35.98087,122.34475,11.01225,0.54199
1.03,112.29366,35.8617,122.0275,10.88995,0.51414
1.04,112.21549,35.74257,121.70941,10.76797,0.48699
1.05,112.13758,35.62346,121.3905,10.64631,0.46134
1.06,112.05641,35.50438,121.07076,10.52498,0.4368
1.07,111.97414,35.38532,120.75018,10.40398,0.41271
1.08,111.91293,35.26629,120.42878,10.2833,0.38965
1.09,111.84396,35.14728,120.10656,10.16297,0.36726
1.1,111.76971,35.0283,119.7835,10.04296,0.34542
1.11,111.69797,34.90934,119.45962,9.92328,0.32417
1.12,111.60721,34.7904,119.13492,9.80395,0.30354
1.13,111.53936,34.67148,118.80941,9.68496,0.28366
1.14,111.48199,34.55259,118.48311,9.56632,0.26465
1.15,111.40201,34.43373,118.156,9.44803,0.24667
1.16,111.34126,34.31488,117.82807,9.33009,0.22988
1.17,111.28897,34.19606,117.49934,9.21251,0.21373
1.18,111.22838,34.07726,117.16982,9.09528,0.19804
1.19,111.17858,33.95847,116.83948,8.9784,0.18321
1.2,111.14698,33.8397,116.50835,8.86189,0.16911
1.21,111.08867,33.72095,116.17641,8.74573,0.15567
1.22,111.04536,33.60222,115.84366,8.62994,0.1429
1.23,111.00059,33.48349,115.51012,8.51451,0.1307
1.24,110.95018,33.36479,115.17577,8.39945,0.11908
1.25,110.9137,33.24609,114.84064,8.28476,0.10808
1.26,110.86655,33.12742,114.50471,8.17045,0.09768
1.27,110.82504,33.00875,114.168,8.05651,0.08789
1.28,110.7867,32.8901,113.8305,7.94296,0.07872
1.29,110.75114,32.77147,113.49222,7.82978,0.07014
1.3,110.71203,32.65285,113.15315,7.717,0.06218
1.31,110.68679,32.53423,112.8133,7.60459,0.05481
1.32,110.66284,32.41563,112.47268,7.49258,0.048
1.33,110.63491,32.29704,112.13128,7.38096,0.04167
1.34,110.62104,32.17846,111.78909,7.26973,0.03585
1.35,110.60325,32.05988,111.44612,7.1589,0.03053
1.36,110.58783,31.94131,111.10237,7.04847,0.0257
1.37,110.576,31.82275,110.75785,6.93843,0.02133
1.38,110.54658,31.70419,110.41254,6.8288,0.0174
1.39,110.54297,31.58563,110.06646,6.71957,0.01389
1.4,110.53214,31.46709,109.71963,6.61076,0.01079
1.41,110.52467,31.34854,109.37201,6.50236,0.0081
1.42,110.52087,31.23,109.02363,6.39436,0.00584
1.43,110.5121,31.11146,108.67447,6.28679,0.00397
1.44,110.5126,30.99292,108.32455,6.17963,0.00247
1.45,110.51112,30.87439,107.97387,6.0729,0.00134
1.46,110.54943,30.75585,107.62243,5.96659,0.00056
1.47,110.64986,30.63732,107.27022,5.8607,0.00012
1.48,110.74894,30.51877,106.91722,5.75524,0
1.49,110.84609,30.40019,106.56336,5.65018,0
1.5,110.9413,30.28158,106.20866,5.54553,0
1.51,111.03456,30.16294,105.85311,5.44129,0
1.52,111.12588,30.04427,105.49672,5.33747,0
1.53,111.21525,29.92556,105.13949,5.23407,0
1.54,111.30267,29.80683,104.78144,5.13109,0
1.55,111.38813,29.68807,104.42256,5.02855,0
1.56,111.47163,29.56928,104.06286,4.92643,0
1.57,111.55317,29.45046,103.70234,4.82476,0
1.58,111.63275,29.33162,103.34101,4.72352,0
1.59,111.71035,29.21275,102.97887,4.62273,0
1.6,111.78598,29.09385,102.61593,4.52239,0
1.61,111.85964,28.97493,102.25219,4.42251,0
1.62,111.93132,28.85599,101.88766,4.32308,0
1.63,112.00103,28.73702,101.52234,4.22411,0
1.64,112.06874,28.61803,101.15624,4.12561,0
1.65,112.13448,28.49901,100.78936,4.02758,0
1.66,112.19822,28.37998,100.4217,3.93002,0
1.67,112.25998,28.26092,100.05328,3.83295,0
1.68,112.31974,28.14184,99.68409,3.73635,0
1.69,112.37751,28.02275,99.31414,3.64024,0
1.7,112.43328,27.90363,98.94344,3.54462,0
1.71,112.48705,27.7845,98.57199,3.44949,0
1.72,112.53882,27.66535,98.19979,3.35486,0
1.73,112.58859,27.54618,97.82685,3.26074,0
1.74,112.63635,27.42699,97.45318,3.16712,0
1.75,112.6821,27.30779,97.07878,3.07401,0
1.76,112.72585,27.18857,96.70366,2.98141,0
1.77,112.76759,27.06934,96.32781,2.88933,0
1.78,112.80731,26.9501,95.95125,2.79777,0
1.79,112.84502,26.83084,95.57398,2.70674,0
1.8,112.88072,26.71157,95.19601,2.61624,0
1.81,112.9144,26.59229,94.81734,2.52627,0
1.82,112.94606,26.47299,94.43797,2.43684,0
1.83,112.9757,26.35369,94.05792,2.34795,0
1.84,113.00333,26.23437,93.67718,2.25961,0
1.85,113.02893,26.11505,93.29576,2.17182,0
1.86,113.05251,25.99571,92.91367,2.08458,0
1.87,113.07407,25.87637,92.53091,1.99789,0
1.88,113.0936,25.75702,92.14749,1.91177,0
1.89,113.11111,25.63767,91.7634,1.82621,0
1.9,113.1266,25.5183,91.37867,1.74122,0
1.91,113.14006,25.39894,90.99329,1.6568,0
1.92,113.15149,25.27956,90.60727,1.57296,0
1.93,113.1609,25.16019,90.22061,1.4897,0
1.94,113.16827,25.04081,89.83331,1.40702,0
1.95,113.17363,24.92142,89.4454,1.32493,0
1.96,113.17695,24.80204,89.05686,1.24343,0
1.97,113.17825,24.68265,88.6677,1.16253,0
1.98,113.17752,24.56326,88.27794,1.08222,0
1.99,113.17476,24.44387,87.88757,1.00252,0
2.0,113.16997,24.32448,87.4966,0.92342,0
2.01,113.16316,24.20509,87.10504,0.84493,0
2.02,113.15432,24.08571,86.71289,0.76705,0
2.03,113.14345,23.96632,86.32015,0.6898,0
2.04,113.13055,23.84694,85.92684,0.61316,0
2.05,113.11563,23.72756,85.53295,0.53715,0
2.06,113.09869,23.60819,85.1385,0.46176,0
2.07,113.07972,23.48882,84.74349,0.38701,0
2.08,113.05872,23.36946,84.34792,0.31289,0
2.09,113.0357,23.2501,83.9518,0.23941,0
2.1,113.01066,23.13075,83.55513,0.16658,0
2.11,91.57879,23.0114,83.15792,0.09439,0
2.12,91.7307,22.89207,82.76019,0,0
2.13,91.88193,22.78,82.38616,0,0
2.14,92.03246,22.66787,82.01146,0,0
2.15,92.18229,22.5557,81.63609,0,0
2.16,92.33142,22.44346,81.26005,0,0
2.17,92.47985,22.33117,80.88335,0,0
2.18,92.62758,22.21883,80.50599,0,0
2.19,92.7746,22.10644,80.12797,0,0
2.2,92.92091,21.99399,79.7493,0,0
2.21,93.0665,21.88149,79.36997,0,0
2.22,93.21138,21.76894,78.99,0,0
2.23,93.35555,21.65633,78.60939,0,0
2.24,93.49899,21.54367,78.22813,0,0
2.25,93.6417,21.43096,77.84623,0,0
2.26,93.78369,21.3182,77.4637,0,0
2.27,93.92496,21.20539,77.08053,0,0
2.28,94.06549,21.09253,76.69674,0,0
2.29,94.20528,20.97962,76.31231,0,0
2.3,94.34434,20.86665,75.92727,0,0
2.31,94.48266,20.75364,75.54161,0,0
2.32,94.62024,20.64058,75.15533,0,0
2.33,94.75707,20.52747,74.76844,0,0
2.34,94.89315,20.41431,74.38093,0,0
2.35,95.02849,20.3011,73.99282,0,0
2.36,95.16307,20.18784,73.60411,0,0
2.37,95.2969,20.07454,73.2148,0,0
2.38,95.42997,19.96119,72.82489,0,0
2.39,95.56228,19.84779,72.43439,0,0
2.4,95.69383,19.73434,72.04329,0,0
2.41,95.82462,19.62085,71.65161,0,0
2.42,95.95464,19.50731,71.25935,0,0
2.43,96.08388,19.39372,70.86651,0,0
2.44,96.21236,19.28009,70.47309,0,0
2.45,96.34006,19.16641,70.07909,0,0
2.46,96.46699,19.05269,69.68453,0,0
2.47,96.59313,18.93892,69.2894,0,0
2.48,96.7185,18.82511,68.89371,0,0
2.49,96.84308,18.71126,68.49746,0,0
2.5,96.96687,18.59736,68.10065,0,0
2.51,97.08988,18.48341,67.70329,0,0
2.52,97.2121,18.36943,67.30538,0,0
2.53,97.33352,18.2554,66.90692,0,0
2.54,97.45415,18.14132,66.50792,0,0
2.55,97.57398,18.02721,66.10839,0,0
2.56,97.69301,17.91305,65.70831,0,0
2.57,97.81123,17.79885,65.30771,0,0
2.58,97.92866,17.68461,64.90658,0,0
2.59,98.04528,17.57033,64.50492,0,0
2.6,98.16108,17.45601,64.10274,0,0
2.61,98.27608,17.34165,63.70005,0,0
2.62,98.39027,17.22724,63.29684,0,0
2.63,98.50364,17.1128,62.89312,0,0
2.64,98.61619,16.99832,62.48889,0,0
2.65,98.72792,16.8838,62.08416,0,0
2.66,98.83884,16.76924,61.67893,0,0
2.67,98.94893,16.65464,61.2732,0,0
2.68,99.05819,16.54,60.86698,0,0
2.69,99.16662,16.42532,60.46028,0,0
2.7,99.27423,16.31061,60.05309,0,0
2.71,99.381,16.19586,59.64541,0,0
2.72,99.48694,16.08107,59.23726,0,0
2.73,99.59205,15.96625,58.82864,0,0
2.74,99.69632,15.85138,58.41954,0,0
2.75,99.79974,15.73649,58.00998,0,0
2.76,99.90233,15.62155,57.59995,0,0
2.77,100.00407,15.50658,57.18947,0,0
2.78,100.10497,15.39158,56.77853,0,0
2.79,100.20502,15.27654,56.36714,0,0
2.8,100.30422,15.16147,55.9553,0,0
2.81,100.40257,15.04636,55.54301,0,0
2.82,100.50007,14.93122,55.13029,0,0
2.83,100.59671,14.81604,54.71713,0,0
2.84,100.6925,14.70083,54.30354,0,0
2.85,100.78742,14.58559,53.88951,0,0
2.86,100.88149,14.47032,53.47506,0,0
2.87,100.9747,14.35501,53.06019,0,0
2.88,101.06704,14.23967,52.64491,0,0
2.89,101.15851,14.1243,52.2292,0,0
2.9,101.24912,14.0089,51.81309,0,0
2.91,101.33886,13.89346,51.39657,0,0
2.92,101.42773,13.778,50.97965,0,0
2.93,101.51573,13.6625,50.56234,0,0
2.94,101.60286,13.54698,50.14462,0,0
2.95,101.68911,13.43142,49.72652,0,0
2.96,101.77448,13.31584,49.30803,0,0
2.97,101.85897,13.20022,48.88915,0,0
2.98,101.94258,13.08458,48.4699,0,0
2.99,102.02531,12.96891,48.05027,0,0
3.0,102.10716,12.85321,47.63027,0,0
3.01,102.18812,12.73748,47.2099,0,0
3.02,102.2682,12.62172,46.78917,0,0
3.03,102.34739,12.50594,46.36808,0,0
3.04,102.42568,12.39013,45.94664,0,0
3.05,102.50309,12.27429,45.52484,0,0
3.06,102.57961,12.15843,45.10269,0,0
3.07,102.65523,12.04254,44.68021,0,0
3.08,102.72995,11.92662,44.25738,0,0
3.09,102.80378,11.81068,43.83421,0,0
3.1,102.87671,11.69471,43.41072,0,0
3.11,102.94874,11.57872,42.98689,0,0
3.12,103.01987,11.4627,42.56275,0,0
3.13,103.0901,11.34666,42.13828,0,0
3.14,103.15942,11.2306,41.7135,0,0
3.15,103.22784,11.11451,41.2884,0,0
3.16,103.29536,10.9984,40.863,0,0
3.17,103.36196,10.88226,40.43729,0,0
3.18,103.42766,10.76611,40.01129,0,0
3.19,103.49245,10.64993,39.58498,0,0
3.2,103.55633,10.53372,39.15839,0,0
3.21,103.61929,10.4175,38.73151,0,0
3.22,103.68134,10.30125,38.30435,0,0
3.23,103.74247,10.18499,37.8769,0,0
3.24,103.80269,10.0687,37.44918,0,0
3.25,103.862,9.95239,37.02119,0,0
3.26,103.92038,9.83607,36.59294,0,0
3.27,103.97785,9.71972,36.16441,0,0
3.28,104.03439,9.60335,35.73564,0,0
3.29,104.09002,9.48696,35.3066,0,0
3.3,104.14472,9.37056,34.87732,0,0
3.31,104.19849,9.25413,34.44778,0,0
3.32,104.25135,9.13769,34.01801,0,0
3.33,104.30327,9.02123,33.588,0,0
3.34,104.35428,8.90475,33.15775,0,0
3.35,104.40435,8.78826,32.72727,0,0
3.36,104.45349,8.67175,32.29657,0,0
3.37,104.50171,8.55522,31.86564,0,0
3.38,104.549,8.43867,31.4345,0,0
3.39,104.59535,8.32211,31.00314,0,0
3.4,104.64077,8.20553,30.57157,0,0
3.41,104.68526,8.08894,30.1398,0,0
3.42,104.72882,7.97233,29.70783,0,0
3.43,104.77144,7.85571,29.27566,0,0
3.44,104.81312,7.73907,28.8433,0,0
3.45,104.85387,7.62242,28.41074,0,0
3.46,104.89368,7.50575,27.97801,0,0
3.47,104.93256,7.38907,27.54509,0,0
3.48,104.9705,7.27238,27.112,0,0
3.49,105.00749,7.15567,26.67873,0,0
3.5,105.04355,7.03896,26.2453,0,0
3.51,105.07867,6.92223,25.8117,0,0
3.52,105.11284,6.80548,25.37795,0,0
3.53,105.14608,6.68873,24.94403,0,0
3.54,105.17837,6.57196,24.50997,0,0
3.55,105.20971,6.45519,24.07576,0,0
3.56,105.24012,6.3384,23.64141,0,0
3.57,105.26958,6.2216,23.20692,0,0
3.58,105.29809,6.10479,22.7723,0,0
3.59,105.32566,5.98798,22.33754,0,0
3.6,105.35229,5.87115,21.90266,0,0
3.61,105.37796,5.75431,21.46766,0,0
3.62,105.40269,5.63747,21.03254,0,0
3.63,105.42648,5.52061,20.59731,0,0
3.64,105.44931,5.40375,20.16197,0,0
3.65,105.4712,5.28688,19.72652,0,0
3.66,105.49214,5.17,19.29098,0,0
3.67,105.51212,5.05312,18.85533,0,0
3.68,105.53116,4.93623,18.4196,0,0
3.69,105.54925,4.81933,17.98378,0,0
3.7,105.56639,4.70242,17.54787,0,0
3.71,105.58258,4.58551,17.11189,0,0
3.72,105.59782,4.4686,16.67583,0,0
3.73,105.61211,4.35167,16.2397,0,0
3.74,105.62544,4.23475,15.8035,0,0
3.75,105.63783,4.11782,15.36724,0,0
3.76,105.64926,4.00088,14.93092,0,0
3.77,105.65974,3.88394,14.49455,0,0
3.78,105.66926,3.767,14.05813,0,0
3.79,105.67784,3.65005,13.62167,0,0
3.8,105.68546,3.5331,13.18516,0,0
3.81,105.69213,3.41615,12.74862,0,0
3.82,105.69785,3.29919,12.31204,0,0
3.83,105.70261,3.18223,11.87544,0,0
3.84,105.70642,3.06527,11.43881,0,0
3.85,105.70928,2.94831,11.00216,0,0
3.86,105.71118,2.83135,10.5655,0,0
3.87,105.71213,2.71438,10.12882,0,0
3.88,105.71213,2.59742,9.69214,0,0
3.89,105.71117,2.48045,9.25546,0,0
3.9,105.70926,2.36349,8.81877,0,0
3.91,105.7064,2.24652,8.3821,0,0
3.92,105.70258,2.12956,7.94543,0,0
3.93,105.69781,2.0126,7.50878,0,0
3.94,105.69209,1.89564,7.07214,0,0
3.95,105.68542,1.77868,6.63553,0,0
3.96,105.67779,1.66172,6.19895,0,0
3.97,105.66921,1.54476,5.7624,0,0
3.98,105.65967,1.42781,5.32588,0,0
3.99,105.64919,1.31086,4.8894,0,0
4.0,105.63775,1.19391,4.45297,0,0
4.01,105.62536,1.07697,4.01658,0,0
4.02,105.61202,0.96003,3.58025,0,0
4.03,105.59772,0.84309,3.14398,0,0
4.04,105.58248,0.72616,2.70776,0,0
4.05,105.56628,0.60923,2.27161,0,0
4.06,105.54913,0.49231,1.83553,0,0
4.07,105.53104,0.3754,1.39953,0,0
4.08,105.51199,0.25848,0.9636,0,0
4.09,0.0,0.14158,0.52776,0,0
